timestamp,incident_count,avg_speed,free_flow_speed,jam_factor,temp,wind,rain
2025-06-15T19:00:00,0,15,15,1,20.62,4.63,0
2025-06-15T21:32:00,0,20,20,1,20.27,4.63,0
2025-06-15T21:34:00,0,20,20,1,20.27,4.63,0
2025-06-15T21:36:00,0,20,20,1,20.27,4.63,0
2025-06-15T21:36:00,0,20,20,1,20.27,4.63,0
2025-06-15T21:37:00,0,20,20,1,20.27,4.63,0
2025-06-15T21:38:00,0,20,20,1,20.27,4.63,0
2025-06-15T21:38:00,0,20,20,1,20.27,4.63,0
2025-06-15T21:39:00,0,20,20,1,20.27,4.63,0
2025-06-15T21:40:00,0,20,20,1,20.27,4.63,0
2025-06-15T21:41:00,0,20,20,1,20.27,4.63,0
2025-06-15T21:41:00,0,20,20,1,20.27,4.63,0
2025-06-15T21:42:00,0,20,20,1,19.78,3.6,0
2025-06-15T21:43:00,0,20,20,1,19.78,3.6,0
2025-06-15T21:44:00,0,20,20,1,19.78,3.6,0
2025-06-15T21:44:00,0,20,20,1,19.78,3.6,0
2025-06-15T21:45:00,0,20,20,1,19.78,3.6,0
2025-06-15T21:46:00,0,20,20,1,19.78,3.6,0
2025-06-15T21:46:00,0,20,20,1,19.79,3.6,0
2025-06-15T21:47:00,0,20,20,1,19.79,3.6,0
2025-06-15T21:48:00,0,20,20,1,19.78,3.6,0
2025-06-15T21:49:00,0,20,20,1,19.78,3.6,0
2025-06-15T21:49:00,0,20,20,1,19.78,3.6,0
2025-06-15T21:50:00,0,20,20,1,19.78,3.6,0
2025-06-15T21:51:00,0,20,20,1,19.78,3.6,0
2025-06-15T21:52:00,0,20,20,1,19.78,3.6,0
2025-06-15T21:52:00,0,20,20,1,19.76,3.6,0
2025-06-15T21:53:00,0,20,20,1,19.76,3.6,0
2025-06-15T21:54:00,0,20,20,1,19.76,3.6,0
2025-06-15T21:55:00,0,20,20,1,19.76,3.6,0
2025-06-15T21:55:00,0,20,20,1,19.76,3.6,0
2025-06-15T21:56:00,0,20,20,1,19.76,3.6,0
2025-06-15T21:57:00,0,20,20,1,19.76,3.6,0
2025-06-15T21:58:00,0,20,20,1,19.76,3.6,0
2025-06-15T21:58:00,0,20,20,1,19.76,3.6,0
2025-06-15T21:59:00,0,20,20,1,19.76,3.6,0
2025-06-15T22:00:00,0,20,20,1,19.76,3.6,0
2025-06-15T22:00:00,0,20,20,1,19.76,3.6,0
2025-06-15T22:01:00,0,20,20,1,19.76,3.6,0
2025-06-15T22:02:00,0,20,20,1,19.05,4.63,0
2025-06-15T22:03:00,0,20,20,1,19.05,4.63,0
2025-06-15T22:03:00,0,20,20,1,19.05,4.63,0
2025-06-15T22:04:00,0,20,20,1,19.05,4.63,0
2025-06-15T22:05:00,0,20,20,1,19.05,4.63,0
2025-06-15T22:06:00,0,20,20,1,19.05,4.63,0
2025-06-15T22:06:00,0,20,20,1,19.05,4.63,0
2025-06-15T22:07:00,0,20,20,1,19.05,4.63,0
2025-06-15T22:08:00,0,20,20,1,19.05,4.63,0
2025-06-15T22:09:00,0,20,20,1,19.05,4.63,0
2025-06-15T22:09:00,0,20,20,1,19.05,4.63,0
2025-06-15T22:10:00,0,20,20,1,19.05,4.63,0
2025-06-15T22:11:00,0,20,20,1,19.05,4.63,0
2025-06-15T22:11:00,0,20,20,1,19.05,4.63,0
2025-06-15T22:12:00,0,20,20,1,19.05,4.63,0
2025-06-15T22:13:00,0,20,20,1,19.05,4.63,0
2025-06-15T22:14:00,0,20,20,1,19.05,4.63,0
2025-06-15T22:14:00,0,20,20,1,19.05,4.63,0
2025-06-15T22:15:00,0,20,20,1,19.05,4.63,0
2025-06-15T22:16:00,0,20,20,1,19.05,4.63,0
2025-06-15T22:16:00,0,20,20,1,19.05,4.63,0
2025-06-15T22:17:00,0,20,20,1,18.9,4.63,0
2025-06-15T22:18:00,0,20,20,1,18.9,4.63,0
2025-06-15T22:19:00,0,20,20,1,18.9,4.63,0
2025-06-15T22:19:00,0,20,20,1,18.9,4.63,0
2025-06-15T22:20:00,0,20,20,1,18.9,4.63,0
2025-06-15T22:21:00,0,20,20,1,18.9,4.63,0
2025-06-15T22:22:00,0,20,20,1,18.9,4.63,0
2025-06-15T22:22:00,0,20,20,1,18.9,4.63,0
2025-06-15T22:23:00,0,20,20,1,18.9,4.63,0
2025-06-15T22:24:00,0,20,20,1,18.9,4.63,0
2025-06-15T22:24:00,0,20,20,1,18.9,4.63,0
2025-06-15T22:25:00,0,20,20,1,18.9,4.63,0
2025-06-15T22:26:00,0,20,20,1,18.9,4.63,0
2025-06-15T22:26:00,0,20,20,1,18.9,4.63,0
2025-06-15T22:27:00,0,20,20,1,18.9,4.63,0
2025-06-15T22:28:00,0,20,20,1,18.9,4.63,0
2025-06-15T22:29:00,0,20,20,1,18.9,4.63,0
2025-06-15T22:29:00,0,20,20,1,18.9,4.63,0
2025-06-15T22:30:00,0,20,20,1,18.9,4.63,0
2025-06-15T22:31:00,0,20,20,1,18.9,4.63,0
2025-06-15T22:31:00,0,20,20,1,18.9,4.63,0
2025-06-15T22:32:00,0,20,20,1,18.9,4.63,0
2025-06-15T22:33:00,0,20,20,1,18.9,4.63,0
2025-06-15T22:33:00,0,20,20,1,18.75,4.63,0
2025-06-15T22:34:00,0,20,20,1,18.75,4.63,0
2025-06-15T22:35:00,0,20,20,1,18.75,4.63,0
2025-06-15T22:35:00,0,20,20,1,18.75,4.63,0
2025-06-15T22:36:00,0,20,20,1,18.75,4.63,0
2025-06-15T22:37:00,0,20,20,1,18.75,4.63,0
2025-06-15T22:38:00,0,20,20,1,18.9,4.63,0
2025-06-15T22:38:00,0,20,20,1,18.9,4.63,0
2025-06-15T22:39:00,0,20,20,1,18.75,4.63,0
2025-06-15T22:40:00,0,20,20,1,18.75,4.63,0
2025-06-15T22:40:00,0,20,20,1,18.75,4.63,0
2025-06-15T22:41:00,0,20,20,1,18.75,4.63,0
2025-06-15T22:42:00,0,20,20,1,18.75,4.63,0
2025-06-15T22:42:00,0,20,20,1,18.59,4.12,0
2025-06-15T22:43:00,0,20,20,1,18.59,4.12,0
2025-06-15T22:44:00,0,20,20,1,18.59,4.12,0
2025-06-15T22:45:00,0,20,20,1,18.59,4.12,0
2025-06-15T22:45:00,0,20,20,1,18.59,4.12,0
2025-06-15T22:46:00,0,20,20,1,18.59,4.12,0
2025-06-15T22:47:00,0,20,20,1,18.59,4.12,0
2025-06-15T22:47:00,0,20,20,1,18.58,4.12,0
2025-06-15T22:48:00,0,20,20,1,18.58,4.12,0
2025-06-15T22:49:00,0,20,20,1,18.58,4.12,0
2025-06-15T22:49:00,0,20,20,1,18.58,4.12,0
2025-06-15T22:50:00,0,20,20,1,18.58,4.12,0
2025-06-15T22:51:00,0,20,20,1,18.58,4.12,0
2025-06-15T22:52:00,0,20,20,1,18.58,4.12,0
2025-06-15T22:52:00,0,20,20,1,18.58,4.12,0
2025-06-15T22:53:00,0,20,20,1,18.56,4.12,0
2025-06-15T22:54:00,0,20,20,1,18.56,4.12,0
2025-06-15T22:54:00,0,20,20,1,18.56,4.12,0
2025-06-15T22:55:00,0,20,20,1,18.56,4.12,0
2025-06-15T22:56:00,0,20,20,1,18.56,4.12,0
2025-06-15T22:56:00,0,20,20,1,18.56,4.12,0
2025-06-15T22:57:00,0,20,20,1,18.56,4.12,0
2025-06-15T22:58:00,0,20,20,1,18.56,4.12,0
2025-06-15T22:58:00,0,20,20,1,18.56,4.12,0
2025-06-15T22:59:00,0,20,20,1,18.56,4.12,0
2025-06-15T23:00:00,0,20,20,1,18.56,4.12,0
2025-06-15T23:01:00,0,20,20,1,18.56,4.12,0
2025-06-15T23:01:00,0,20,20,1,18.56,4.12,0
2025-06-15T23:02:00,0,20,20,1,18.56,4.12,0
2025-06-15T23:03:00,0,20,20,1,18.46,4.12,0
2025-06-15T23:03:00,0,20,20,1,18.46,4.12,0
2025-06-15T23:04:00,0,20,20,1,18.46,4.12,0
2025-06-15T23:05:00,0,20,20,1,18.46,4.12,0
2025-06-15T23:05:00,0,20,20,1,18.46,4.12,0
2025-06-15T23:06:00,0,20,20,1,17.69,3.09,0
2025-06-15T23:07:00,0,20,20,1,17.69,3.09,0
2025-06-15T23:07:00,0,20,20,1,17.69,3.09,0
2025-06-15T23:08:00,0,20,20,1,17.69,3.09,0
2025-06-15T23:09:00,0,20,20,1,17.69,3.09,0
2025-06-15T23:10:00,0,20,20,1,17.69,3.09,0
2025-06-15T23:10:00,0,20,20,1,17.69,3.09,0
2025-06-15T23:11:00,0,20,20,1,17.69,3.09,0
2025-06-15T23:12:00,0,20,20,1,17.69,3.09,0
2025-06-15T23:12:00,0,20,20,1,17.69,3.09,0
2025-06-15T23:13:00,0,20,20,1,17.82,3.09,0
2025-06-15T23:14:00,0,20,20,1,17.82,3.09,0
2025-06-15T23:14:00,0,20,20,1,17.82,3.09,0
2025-06-15T23:15:00,0,20,20,1,17.82,3.09,0
2025-06-15T23:16:00,0,20,20,1,17.82,3.09,0
2025-06-15T23:16:00,0,20,20,1,17.79,3.09,0
2025-06-15T23:17:00,0,20,20,1,17.79,3.09,0
2025-06-15T23:18:00,0,20,20,1,17.79,3.09,0
2025-06-15T23:19:00,0,20,20,1,17.79,3.09,0
2025-06-15T23:19:00,0,20,20,1,17.79,3.09,0
2025-06-15T23:20:00,0,20,20,1,17.82,3.09,0
2025-06-15T23:21:00,0,20,20,1,17.82,3.09,0
2025-06-15T23:21:00,0,20,20,1,17.82,3.09,0
2025-06-15T23:22:00,0,20,20,1,17.82,3.09,0
2025-06-15T23:23:00,0,20,20,1,17.69,3.09,0
2025-06-15T23:23:00,0,20,20,1,17.69,3.09,0
2025-06-15T23:24:00,0,20,20,1,17.69,3.09,0
2025-06-15T23:25:00,0,20,20,1,17.69,3.09,0
2025-06-15T23:25:00,0,20,20,1,17.69,3.09,0
2025-06-15T23:26:00,0,20,20,1,17.57,3.09,0
2025-06-15T23:27:00,0,20,20,1,17.57,3.09,0
2025-06-15T23:27:00,0,20,20,1,17.57,3.09,0
2025-06-15T23:28:00,0,20,20,1,17.57,3.09,0
2025-06-15T23:29:00,0,20,20,1,17.57,3.09,0
2025-06-15T23:30:00,0,20,20,1,17.57,3.09,0
2025-06-15T23:30:00,0,20,20,1,17.57,3.09,0
2025-06-15T23:31:00,0,20,20,1,17.57,3.09,0
2025-06-15T23:32:00,0,20,20,1,17.57,3.09,0
2025-06-15T23:32:00,0,20,20,1,17.57,3.09,0
2025-06-15T23:33:00,0,20,20,1,16.79,3.09,0
2025-06-15T23:34:00,0,20,20,1,16.79,3.09,0
2025-06-15T23:34:00,0,20,20,1,16.79,3.09,0
2025-06-15T23:35:00,0,20,20,1,16.79,3.09,0
2025-06-15T23:36:00,0,20,20,1,16.79,3.09,0
2025-06-15T23:36:00,0,20,20,1,16.79,3.09,0
2025-06-15T23:37:00,0,20,20,1,16.79,3.09,0
2025-06-15T23:38:00,0,20,20,1,17.39,3.09,0
2025-06-15T23:39:00,0,20,20,1,17.6,3.09,0
2025-06-15T23:39:00,0,20,20,1,17.39,3.09,0
2025-06-15T23:40:00,0,20,20,1,17.39,3.09,0
2025-06-15T23:41:00,0,20,20,1,17.39,3.09,0
2025-06-15T23:41:00,0,20,20,1,17.39,3.09,0
2025-06-15T23:42:00,0,20,20,1,17.39,3.09,0
2025-06-15T23:43:00,0,20,20,1,17.39,3.09,0
2025-06-15T23:43:00,0,20,20,1,17.39,3.09,0
2025-06-15T23:44:00,0,20,20,1,17.39,3.09,0
2025-06-15T23:45:00,0,20,20,1,17.39,3.09,0
2025-06-15T23:45:00,0,20,20,1,17.39,3.09,0
2025-06-15T23:46:00,0,20,20,1,17.39,3.09,0
2025-06-15T23:47:00,0,20,20,1,17.39,3.09,0
2025-06-15T23:47:00,0,20,20,1,17.39,3.09,0
2025-06-15T23:48:00,0,20,20,1,17.38,3.09,0
2025-06-15T23:49:00,0,20,20,1,17.38,3.09,0
2025-06-15T23:50:00,0,20,20,1,17.38,3.09,0
2025-06-15T23:50:00,0,20,20,1,17.4,3.09,0
2025-06-15T23:51:00,0,20,20,1,17.4,3.09,0
2025-06-15T23:52:00,0,20,20,1,17.4,3.09,0
2025-06-15T23:52:00,0,20,20,1,17.4,3.09,0
2025-06-15T23:53:00,0,20,20,1,17.36,3.09,0
2025-06-15T23:54:00,0,20,20,1,17.36,3.09,0
2025-06-15T23:54:00,0,20,20,1,17.36,3.09,0
2025-06-15T23:55:00,0,20,20,1,17.36,3.09,0
2025-06-15T23:56:00,0,20,20,1,17.36,3.09,0
2025-06-15T23:56:00,0,20,20,1,17.36,3.09,0
2025-06-15T23:57:00,0,20,20,1,17.36,3.09,0
2025-06-15T23:58:00,0,20,20,1,17.36,3.09,0
2025-06-15T23:59:00,0,20,20,1,17.36,3.09,0
2025-06-15T23:59:00,0,20,20,1,17.36,3.09,0
2025-06-16T00:00:00,0,20,20,1,17.36,3.09,0
2025-06-16T00:01:00,0,20,20,1,17.33,3.09,0
2025-06-16T00:01:00,0,20,20,1,17.33,3.09,0
2025-06-16T00:02:00,0,20,20,1,17.33,3.09,0
2025-06-16T00:03:00,0,20,20,1,17.33,3.09,0
2025-06-16T00:03:00,0,20,20,1,17.33,3.09,0
2025-06-16T00:04:00,0,20,20,1,17.33,3.09,0
2025-06-16T00:05:00,0,20,20,1,17.33,3.09,0
2025-06-16T00:05:00,0,20,20,1,17.33,3.09,0
2025-06-16T00:06:00,0,20,20,1,17.33,3.09,0
2025-06-16T00:07:00,0,20,20,1,17.22,3.09,0
2025-06-16T00:08:00,0,20,20,1,17.22,3.09,0
2025-06-16T00:08:00,0,20,20,1,17.22,3.09,0
2025-06-16T00:09:00,0,20,20,1,15.99,3.09,0
2025-06-16T00:10:00,0,20,20,1,15.99,3.09,0
2025-06-16T00:10:00,0,20,20,1,15.99,3.09,0
2025-06-16T00:11:00,0,20,20,1,15.99,3.09,0
2025-06-16T00:12:00,0,20,20,1,15.99,3.09,0
2025-06-16T00:12:00,0,20,20,1,15.99,3.09,0
2025-06-16T00:13:00,0,20,20,1,15.99,3.09,0
2025-06-16T00:14:00,0,20,20,1,15.99,3.09,0
2025-06-16T00:15:00,0,20,20,1,15.99,3.09,0
2025-06-16T00:15:00,0,20,20,1,15.99,3.09,0
2025-06-16T00:16:00,0,20,20,1,15.99,3.09,0
2025-06-16T00:17:00,0,20,20,1,15.99,3.09,0
2025-06-16T00:17:00,0,20,20,1,15.99,3.09,0
2025-06-16T00:18:00,0,20,20,1,16.63,3.09,0
2025-06-16T00:19:00,0,20,20,1,16.63,3.09,0
2025-06-16T00:19:00,0,20,20,1,16.63,3.09,0
2025-06-16T00:20:00,0,20,20,1,16.63,3.09,0
2025-06-16T00:21:00,0,20,20,1,16.63,3.09,0
2025-06-16T00:22:00,0,20,20,1,16.63,3.09,0
2025-06-16T00:22:00,0,20,20,1,16.63,3.09,0
2025-06-16T00:23:00,0,20,20,1,16.63,3.09,0
2025-06-16T00:24:00,0,20,20,1,16.63,3.09,0
2025-06-16T00:24:00,0,20,20,1,16.53,3.09,0
2025-06-16T00:25:00,0,20,20,1,16.53,3.09,0
2025-06-16T00:26:00,0,20,20,1,16.53,3.09,0
2025-06-16T00:26:00,0,20,20,1,16.53,3.09,0
2025-06-16T00:27:00,0,20,20,1,16.53,3.09,0
2025-06-16T00:28:00,0,20,20,1,16.53,3.09,0
2025-06-16T00:29:00,0,20,20,1,15.93,3.09,0
2025-06-16T00:29:00,0,20,20,1,15.95,3.09,0
2025-06-16T00:30:00,0,20,20,1,15.95,3.09,0
2025-06-16T00:31:00,0,20,20,1,15.95,3.09,0
2025-06-16T00:31:00,0,20,20,1,15.95,3.09,0
2025-06-16T00:32:00,0,20,20,1,15.95,3.09,0
2025-06-16T00:33:00,0,20,20,1,15.95,3.09,0
2025-06-16T00:33:00,0,20,20,1,15.9,3.09,0
2025-06-16T00:34:00,0,20,20,1,15.9,3.09,0
2025-06-16T00:35:00,0,20,20,1,15.9,3.09,0
2025-06-16T00:36:00,0,20,20,1,15.9,3.09,0
2025-06-16T00:36:00,0,20,20,1,15.9,3.09,0
2025-06-16T00:37:00,0,20,20,1,15.9,3.09,0
2025-06-16T00:38:00,0,20,20,1,15.9,3.09,0
2025-06-16T00:38:00,0,20,20,1,15.93,3.09,0
2025-06-16T00:39:00,0,20,20,1,15.36,3.09,0
2025-06-16T00:40:00,0,20,20,1,15.36,3.09,0
2025-06-16T00:40:00,0,20,20,1,15.36,3.09,0
2025-06-16T00:41:00,0,20,20,1,15.36,3.09,0
2025-06-16T00:42:00,0,20,20,1,15.36,3.09,0
2025-06-16T00:43:00,0,20,20,1,15.36,3.09,0
2025-06-16T00:43:00,0,20,20,1,15.36,3.09,0
2025-06-16T00:44:00,0,20,20,1,15.36,3.09,0
2025-06-16T00:45:00,0,20,20,1,15.36,3.09,0
2025-06-16T00:45:00,0,20,20,1,15.36,3.09,0
2025-06-16T00:46:00,0,20,20,1,15.36,3.09,0
2025-06-16T00:47:00,0,20,20,1,15.36,3.09,0
2025-06-16T00:47:00,0,20,20,1,15.36,3.09,0
2025-06-16T00:48:00,0,20,20,1,15.36,3.09,0
2025-06-16T00:49:00,0,20,20,1,15.33,3.09,0
2025-06-16T00:49:00,0,20,20,1,15.33,3.09,0
2025-06-16T00:50:00,0,20,20,1,15.33,3.09,0
2025-06-16T00:51:00,0,20,20,1,15.33,3.09,0
2025-06-16T00:52:00,0,20,20,1,15.33,3.09,0
2025-06-16T00:52:00,0,20,20,1,15.33,3.09,0
2025-06-16T00:53:00,0,20,20,1,15.33,3.09,0
2025-06-16T00:54:00,0,20,20,1,15.33,3.09,0
2025-06-16T00:54:00,0,20,20,1,15.33,3.09,0
2025-06-16T00:55:00,0,20,20,1,15.33,3.09,0
2025-06-16T00:56:00,0,20,20,1,15.33,3.09,0
2025-06-16T00:56:00,0,20,20,1,15.33,3.09,0
2025-06-16T00:57:00,0,20,20,1,15.33,3.09,0
2025-06-16T00:58:00,0,20,20,1,15.33,3.09,0
2025-06-16T00:59:00,0,20,20,1,15.33,3.09,0
2025-06-16T00:59:00,0,20,20,1,15.33,3.09,0
2025-06-16T01:00:00,0,20,20,1,15.33,3.09,0
2025-06-16T01:01:00,0,20,20,1,15.28,3.09,0
2025-06-16T01:01:00,0,20,20,1,15.28,3.09,0
2025-06-16T01:02:00,0,20,20,1,15.28,3.09,0
2025-06-16T01:03:00,0,20,20,1,15.28,3.09,0
2025-06-16T01:04:00,0,20,20,1,15.19,3.09,0
2025-06-16T01:04:00,0,20,20,1,15.19,3.09,0
2025-06-16T01:05:00,0,20,20,1,15.19,3.09,0
2025-06-16T01:06:00,0,20,20,1,15.21,3.09,0
2025-06-16T01:06:00,0,20,20,1,15.21,3.09,0
2025-06-16T01:07:00,0,20,20,1,15.21,3.09,0
2025-06-16T01:08:00,0,20,20,1,15.21,3.09,0
2025-06-16T01:08:00,0,20,20,1,15.21,3.09,0
2025-06-16T01:09:00,0,20,20,1,14.91,3.09,0
2025-06-16T01:10:00,0,20,20,1,14.91,3.09,0
2025-06-16T01:11:00,0,20,20,1,15.19,3.09,0
2025-06-16T01:11:00,0,20,20,1,15.19,3.09,0
2025-06-16T01:12:00,0,20,20,1,14.91,3.09,0
2025-06-16T01:13:00,0,20,20,1,14.91,3.09,0
2025-06-16T01:14:00,0,20,20,1,14.91,3.09,0
2025-06-16T01:14:00,0,20,20,1,14.91,3.09,0
2025-06-16T01:15:00,0,20,20,1,14.91,3.09,0
2025-06-16T01:16:00,0,20,20,1,14.99,3.09,0
2025-06-16T01:16:00,0,20,20,1,14.99,3.09,0
2025-06-16T01:17:00,0,20,20,1,14.99,3.09,0
2025-06-16T02:50:00,0,20,20,1,13.31,2.06,0
2025-06-16T02:56:00,0,20,20,1,13.31,2.06,0
2025-06-16T02:58:00,0,20,20,1,13.31,2.06,0
2025-06-16T02:59:00,0,20,20,1,13.31,2.06,0
2025-06-16T03:00:00,0,20,20,1,13.31,2.06,0
2025-06-16T03:02:00,0,20,20,1,13.31,2.06,0
2025-06-16T03:03:00,0,20,20,1,13.37,2.06,0
2025-06-16T03:05:00,0,20,20,1,13.37,2.06,0
2025-06-16T03:06:00,0,20,20,1,13.37,2.06,0
2025-06-16T03:07:00,0,20,20,1,13.37,2.06,0
2025-06-16T03:09:00,0,20,20,1,13.37,2.06,0
2025-06-16T03:10:00,0,20,20,1,13.06,2.57,0
2025-06-16T03:11:00,0,20,20,1,13.06,2.57,0
2025-06-16T03:13:00,0,20,20,1,13.06,2.57,0
2025-06-16T03:14:00,0,20,20,1,13.06,2.57,0
2025-06-16T03:16:00,0,20,20,1,13,2.57,0
2025-06-16T03:17:00,0,16,20,1,13,2.57,0
2025-06-16T03:18:00,0,20,20,1,13,2.57,0
2025-06-16T03:20:00,0,20,20,1,13,2.57,0
2025-06-16T03:21:00,0,20,20,1,13,2.57,0
2025-06-16T03:23:00,0,20,20,1,13,2.57,0
2025-06-16T03:24:00,0,20,20,1,13,2.57,0
2025-06-16T03:25:00,0,20,20,1,13,2.57,0
2025-06-16T03:27:00,0,20,20,1,13,2.57,0
2025-06-16T03:28:00,0,20,20,1,13,2.57,0
2025-06-16T03:29:00,0,20,20,1,13,2.57,0
2025-06-16T03:31:00,0,20,20,1,12.94,2.57,0
2025-06-16T03:32:00,0,20,20,1,12.94,2.57,0
2025-06-16T03:34:00,0,20,20,1,12.94,2.57,0
2025-06-16T03:35:00,0,20,20,1,12.94,2.57,0
2025-06-16T03:36:00,0,20,20,1,13,2.57,0
2025-06-16T03:38:00,0,20,20,1,12.99,2.57,0
2025-06-16T03:39:00,0,20,20,1,12.99,2.57,0
2025-06-16T03:40:00,0,20,20,1,12.99,2.57,0
2025-06-16T03:42:00,0,20,20,1,13.59,2.06,0
2025-06-16T03:43:00,0,20,20,1,13.59,2.06,0
2025-06-16T03:44:00,0,20,20,1,13.59,2.06,0
2025-06-16T03:46:00,0,20,20,1,13.59,2.06,0
2025-06-16T03:47:00,0,20,20,1,13.59,2.06,0
2025-06-16T03:49:00,0,20,20,1,13.59,2.06,0
2025-06-16T03:50:00,0,20,20,1,13.59,2.06,0
2025-06-16T03:51:00,0,20,20,1,13.14,2.06,0
2025-06-16T03:53:00,0,20,20,1,13.14,2.06,0
2025-06-16T03:54:00,0,20,20,1,13.14,2.06,0
2025-06-16T03:55:00,0,20,20,1,13.14,2.06,0
2025-06-16T03:57:00,0,20,20,1,13.14,2.06,0
2025-06-16T03:58:00,0,20,20,1,13.14,2.06,0
2025-06-16T04:00:00,0,20,20,1,13.14,2.06,0
2025-06-16T04:01:00,0,20,20,1,13.14,2.06,0
2025-06-16T04:03:00,0,20,20,1,12.56,2.06,0
2025-06-16T04:04:00,0,20,20,1,12.56,2.06,0
2025-06-16T04:05:00,0,20,20,1,13.21,2.06,0
2025-06-16T04:07:00,0,20,20,1,13.14,2.06,0
2025-06-16T04:08:00,0,20,20,1,13.14,2.06,0
2025-06-16T04:10:00,0,20,20,1,12.56,2.06,0
2025-06-16T04:11:00,0,20,20,1,12.56,2.06,0
2025-06-16T04:12:00,0,20,20,1,12.56,2.06,0
2025-06-16T04:14:00,0,20,20,1,12.56,2.06,0
2025-06-16T04:15:00,0,20,20,1,12.56,2.06,0
2025-06-16T04:16:00,0,20,20,1,12.56,2.06,0
2025-06-16T04:18:00,0,20,20,1,12.56,2.06,0
2025-06-16T04:19:00,0,20,20,1,12.56,2.06,0
2025-06-16T04:20:00,0,20,20,1,12.56,2.06,0
2025-06-16T04:22:00,0,20,20,1,12.56,2.06,0
2025-06-16T04:23:00,0,20,20,1,12.46,2.06,0
2025-06-16T04:25:00,0,20,20,1,12.46,2.06,0
2025-06-16T04:26:00,0,20,20,1,12.46,2.06,0
2025-06-16T04:27:00,0,20,20,1,12.46,2.06,0
2025-06-16T04:29:00,0,20,20,1,12.46,2.06,0
2025-06-16T04:30:00,0,20,20,1,12.46,2.06,0
2025-06-16T04:31:00,0,20,20,1,12.46,2.06,0
2025-06-16T04:33:00,0,20,20,1,12.46,2.06,0
2025-06-16T04:34:00,0,20,20,1,12.46,2.06,0
2025-06-16T04:36:00,0,20,20,1,12.46,2.06,0
2025-06-16T04:37:00,0,20,20,1,12.46,2.06,0
2025-06-16T04:38:00,0,20,20,1,12.46,2.06,0
2025-06-16T04:40:00,0,20,20,1,12.17,2.06,0
2025-06-16T04:41:00,0,20,20,1,12.17,2.06,0
2025-06-16T04:42:00,0,20,20,1,12.17,2.06,0
2025-06-16T04:44:00,0,20,20,1,12.17,2.06,0
2025-06-16T04:45:00,0,20,20,1,12.17,2.06,0
2025-06-16T04:47:00,0,20,20,1,12.17,2.06,0
2025-06-16T04:48:00,0,20,20,1,12.17,2.06,0
2025-06-16T04:49:00,0,20,20,1,12.17,2.06,0
2025-06-16T04:51:00,0,20,20,1,12.17,2.06,0
2025-06-16T04:52:00,0,20,20,1,12.09,2.06,0
2025-06-16T04:53:00,0,20,20,1,12.09,2.06,0
2025-06-16T04:55:00,0,20,20,1,12.09,2.06,0
2025-06-16T04:56:00,0,20,20,1,12.09,2.06,0
2025-06-16T04:57:00,0,20,20,1,12.09,2.06,0
2025-06-16T04:59:00,0,20,20,1,12.09,2.06,0
2025-06-16T05:00:00,0,20,20,1,12.09,2.06,0
2025-06-16T05:02:00,0,20,20,1,12.09,2.06,0
2025-06-16T05:03:00,0,20,20,1,12.09,2.06,0
2025-06-16T05:04:00,0,20,20,1,12.09,2.06,0
2025-06-16T05:06:00,0,20,20,1,12.05,2.06,0
2025-06-16T05:07:00,0,20,20,1,12.05,2.06,0
2025-06-16T05:08:00,0,20,20,1,12.05,2.06,0
2025-06-16T05:10:00,0,20,20,1,12.05,2.06,0
2025-06-16T05:11:00,0,20,20,1,12.05,2.06,0
2025-06-16T05:13:00,0,20,20,1,12.05,2.06,0
2025-06-16T05:14:00,0,20,20,1,12.05,2.06,0
2025-06-16T05:15:00,0,20,20,1,12.05,2.06,0
2025-06-16T05:17:00,0,20,20,1,11.45,1.54,0
2025-06-16T05:18:00,0,20,20,1,11.45,1.54,0
2025-06-16T05:19:00,0,20,20,1,11.45,1.54,0
2025-06-16T05:21:00,0,20,20,1,11.45,1.54,0
2025-06-16T05:22:00,0,20,20,1,11.45,1.54,0
2025-06-16T05:23:00,0,20,20,1,11.45,1.54,0
2025-06-16T05:25:00,0,20,20,1,11.45,1.54,0
2025-06-16T05:26:00,0,20,20,1,11.45,1.54,0
2025-06-16T05:28:00,0,20,20,1,11.45,1.54,0
2025-06-16T05:29:00,0,20,20,1,11.45,1.54,0
2025-06-16T05:30:00,0,20,20,1,11.45,1.54,0
2025-06-16T05:32:00,0,20,20,1,11.5,1.54,0
2025-06-16T05:33:00,0,20,20,1,11.5,1.54,0
2025-06-16T05:34:00,0,20,20,1,11.5,1.54,0
2025-06-16T05:36:00,0,20,20,1,11.45,1.54,0
2025-06-16T05:37:00,0,20,20,1,11.45,1.54,0
2025-06-16T05:39:00,0,20,20,1,11.45,1.54,0
2025-06-16T05:40:00,0,20,20,1,11.45,1.54,0
2025-06-16T05:41:00,0,20,20,1,11.45,1.54,0
2025-06-16T05:43:00,0,20,20,1,11.45,1.54,0
2025-06-16T05:44:00,0,20,20,1,11.45,1.54,0
2025-06-16T05:45:00,0,20,20,1,11.45,1.54,0
2025-06-16T05:47:00,0,20,20,1,11.6,1.03,0
2025-06-16T05:48:00,0,20,20,1,11.6,1.03,0
2025-06-16T05:49:00,0,20,20,1,11.54,1.03,0
2025-06-16T05:51:00,0,20,20,1,11.54,1.03,0
2025-06-16T05:52:00,0,20,20,1,11.54,1.03,0
2025-06-16T05:54:00,0,20,20,1,11.54,1.03,0
2025-06-16T05:55:00,0,20,20,1,11.54,1.03,0
2025-06-16T05:56:00,0,20,20,1,11.54,1.03,0
2025-06-16T05:58:00,0,20,20,1,11.54,1.03,0
2025-06-16T05:59:00,0,20,20,1,11.54,1.03,0
2025-06-16T06:00:00,0,20,20,1,11.54,1.03,0
2025-06-16T06:02:00,0,20,20,1,11.54,1.03,0
2025-06-16T06:03:00,0,20,20,1,11.54,1.03,0
2025-06-16T06:05:00,0,20,20,1,11.54,1.03,0
2025-06-16T06:06:00,0,20,20,1,11.54,1.03,0
2025-06-16T06:07:00,0,20,20,1,11.54,1.03,0
2025-06-16T06:09:00,0,20,20,1,11.54,1.03,0
2025-06-16T06:10:00,0,20,20,1,10.96,2.06,0
2025-06-16T06:11:00,0,20,20,1,10.96,2.06,0
2025-06-16T06:13:00,0,20,20,1,10.96,2.06,0
2025-06-16T06:14:00,0,20,20,1,10.96,2.06,0
2025-06-16T06:15:00,0,20,20,1,10.96,2.06,0
2025-06-16T06:17:00,0,20,20,1,10.94,2.06,0
2025-06-16T06:18:00,0,20,20,1,10.94,2.06,0
2025-06-16T06:20:00,0,20,20,1,10.94,2.06,0
2025-06-16T06:21:00,0,20,20,1,10.94,2.06,0
2025-06-16T06:22:00,0,20,20,1,10.94,2.06,0
2025-06-16T06:24:00,0,20,20,1,10.94,2.06,0
2025-06-16T06:25:00,0,20,20,1,10.94,2.06,0
2025-06-16T06:26:00,0,20,20,1,10.94,2.06,0
2025-06-16T06:28:00,0,20,20,1,10.94,2.06,0
2025-06-16T06:29:00,0,20,20,1,10.94,2.06,0
2025-06-16T06:30:00,0,20,20,1,10.94,2.06,0
2025-06-16T06:32:00,0,20,20,1,10.94,2.06,0
2025-06-16T06:33:00,0,20,20,1,10.94,2.06,0
2025-06-16T06:35:00,0,20,20,1,10.94,2.06,0
2025-06-16T06:36:00,0,20,20,1,10.94,2.06,0
2025-06-16T06:37:00,0,20,20,1,11.48,1.03,0
2025-06-16T06:39:00,0,20,20,1,11.48,1.03,0
2025-06-16T06:40:00,0,20,20,1,11.48,1.03,0
2025-06-16T06:41:00,0,20,20,1,11.48,1.03,0
2025-06-16T06:43:00,0,20,20,1,11.26,2.06,0
2025-06-16T06:44:00,0,20,20,1,11.26,2.06,0
2025-06-16T06:46:00,0,20,20,1,11.26,2.06,0
2025-06-16T06:47:00,0,20,20,1,11.26,2.06,0
2025-06-16T06:48:00,0,20,20,1,11.26,2.06,0
2025-06-16T06:50:00,0,20,20,1,11.21,2.06,0
2025-06-16T06:51:00,0,20,20,1,11.21,2.06,0
2025-06-16T06:52:00,0,20,20,1,11.21,2.06,0
2025-06-16T06:54:00,0,20,20,1,11.21,2.06,0
2025-06-16T06:55:00,0,20,20,1,11.21,2.06,0
2025-06-16T06:56:00,0,20,20,1,11.21,2.06,0
2025-06-16T06:58:00,0,20,20,1,11.21,2.06,0
2025-06-16T06:59:00,0,20,20,1,11.21,2.06,0
2025-06-16T07:01:00,0,20,20,1,11.21,2.06,0
2025-06-16T07:02:00,0,20,20,1,11.21,2.06,0
2025-06-16T07:03:00,0,20,20,1,11.21,2.06,0
2025-06-16T07:05:00,0,15,20,1,11.26,2.06,0
2025-06-16T07:06:00,0,15,19,1,11.26,2.06,0
2025-06-16T07:07:00,0,20,20,1,11.26,2.06,0
2025-06-16T07:09:00,0,20,20,1,11.26,2.06,0
2025-06-16T07:10:00,0,20,20,1,11.35,2.06,0
2025-06-16T07:12:00,0,20,20,1,11.35,2.06,0
2025-06-16T07:13:00,0,20,20,1,11.35,2.06,0
2025-06-16T07:14:00,0,20,20,1,11.35,2.06,0
2025-06-16T07:16:00,0,20,20,1,11.35,2.06,0
2025-06-16T07:17:00,0,20,20,1,11.35,2.06,0
2025-06-16T07:18:00,0,16,20,1,13.27,2.57,0
2025-06-16T07:20:00,0,16,20,1,13.27,2.57,0
2025-06-16T07:21:00,0,15,20,1,13.27,2.57,0
2025-06-16T07:23:00,0,15,20,1,13.22,2.57,0
2025-06-16T07:24:00,0,14,20,1,13.22,2.57,0
2025-06-16T07:25:00,0,13,19,1,13.22,2.57,0
2025-06-16T07:27:00,0,13,19,1,13.22,2.57,0
2025-06-16T07:28:00,0,13,19,1,13.22,2.57,0
2025-06-16T07:29:00,0,13,19,1,13.22,2.57,0
2025-06-16T07:31:00,0,14,19,1,13.26,2.57,0
2025-06-16T07:32:00,0,13,19,1,13.26,2.57,0
2025-06-16T07:34:00,0,12,19,1,13.26,2.57,0
2025-06-16T07:35:00,0,13,19,1,13.26,2.57,0
2025-06-16T07:36:00,0,13,18,1,13.26,2.57,0
2025-06-16T07:38:00,0,13,19,1,13.53,2.57,0
2025-06-16T07:39:00,0,13,19,1,13.77,2.57,0
2025-06-16T07:40:00,0,14,19,1,13.77,2.57,0
2025-06-16T07:42:00,0,15,20,1,14.52,2.57,0
2025-06-16T07:43:00,0,20,20,1,14.52,2.57,0
2025-06-16T07:45:00,0,20,20,1,14.52,2.57,0
2025-06-16T07:46:00,0,20,20,1,14.52,2.57,0
2025-06-16T07:47:00,0,20,20,1,14.52,2.57,0
2025-06-16T07:49:00,0,20,20,1,14.52,2.57,0
2025-06-16T07:50:00,0,20,20,1,14.52,2.57,0
2025-06-16T07:52:00,0,20,20,1,14.52,2.57,0
2025-06-16T07:53:00,0,20,20,1,14.54,2.57,0
2025-06-16T07:54:00,0,20,20,1,14.54,2.57,0
2025-06-16T07:56:00,0,20,20,1,14.54,2.57,0
2025-06-16T07:57:00,0,20,20,1,14.54,2.57,0
2025-06-16T07:59:00,0,20,20,1,14.54,2.57,0
2025-06-16T08:00:00,0,16,20,1,14.56,2.57,0
2025-06-16T08:01:00,0,13,19,1,14.54,2.57,0
2025-06-16T08:03:00,0,14,19,1,14.54,2.57,0
2025-06-16T08:04:00,0,13,19,1,14.54,2.57,0
2025-06-16T08:06:00,0,12,19,1,14.54,2.57,0
2025-06-16T08:07:00,0,12,19,1,14.54,2.57,0
2025-06-16T08:08:00,0,10,18,1,14.69,2.57,0
2025-06-16T08:10:00,0,10,18,1,14.69,2.57,0
2025-06-16T08:11:00,0,10,19,1,14.69,2.57,0
2025-06-16T08:12:00,0,13,21,1,14.61,2.57,0
2025-06-16T08:14:00,0,13,21,1,14.69,2.57,0
2025-06-16T08:15:00,0,12,22,1,14.69,2.57,0
2025-06-16T08:17:00,0,10,20,1,14.69,2.57,0
2025-06-16T08:18:00,0,7,18,1,14.73,2.57,0
2025-06-16T08:19:00,0,8,20,1,14.73,2.57,0
2025-06-16T08:21:00,0,7,19,1,15.02,2.57,0
2025-06-16T08:22:00,0,7,19,1,15.02,2.57,0
2025-06-16T08:23:00,0,8,19,1,15.02,2.57,0
2025-06-16T08:25:00,0,7,19,1,15.02,2.57,0
2025-06-16T08:26:00,0,7,18,1,15.02,2.57,0
2025-06-16T08:28:00,0,7,19,1,15.05,2.57,0
2025-06-16T08:29:00,0,7,19,1,15.05,2.57,0
2025-06-16T08:30:00,0,8,18,1,15.05,2.57,0
2025-06-16T08:32:00,0,9,19,1,15.05,2.57,0
2025-06-16T08:33:00,0,10,19,1,15.92,2.57,0
2025-06-16T08:35:00,0,12,19,1,15.92,2.57,0
2025-06-16T08:36:00,0,11,19,1,15.92,2.57,0
2025-06-16T08:37:00,0,11,19,1,15.92,2.57,0
2025-06-16T08:39:00,0,12,20,1,15.06,2.57,0
2025-06-16T08:40:00,0,10,19,1,15.96,2.57,0
2025-06-16T08:42:00,0,10,19,1,15.96,2.57,0
2025-06-16T08:43:00,0,8,20,1,15.96,2.57,0
2025-06-16T08:44:00,0,8,20,1,15.96,2.57,0
2025-06-16T08:46:00,0,8,20,1,15.96,2.57,0
2025-06-16T08:47:00,0,8,20,1,15.96,2.57,0
2025-06-16T08:49:00,0,7,19,1,15.96,2.57,0
2025-06-16T08:50:00,0,8,18,1,15.96,2.57,0
2025-06-16T08:51:00,0,6,17,1,15.99,2.57,0
2025-06-16T08:53:00,0,6,20,1,15.99,2.57,0
2025-06-16T08:54:00,0,7,21,1,15.99,2.57,0
2025-06-16T08:55:00,0,7,19,1,15.99,2.57,0
2025-06-16T08:57:00,0,8,19,1,15.99,2.57,0
2025-06-16T08:58:00,0,8,18,1,15.99,2.57,0
2025-06-16T08:59:00,0,10,18,1,15.92,2.57,0
2025-06-16T09:01:00,0,9,19,1,15.92,2.57,0
2025-06-16T09:02:00,0,9,18,1,15.92,2.57,0
2025-06-16T09:04:00,0,9,19,1,16.62,2.57,0
2025-06-16T09:05:00,0,8,18,1,16.62,2.57,0
2025-06-16T09:06:00,0,8,19,1,16.62,2.57,0
2025-06-16T09:08:00,0,8,17,1,16.62,2.57,0
2025-06-16T09:09:00,0,9,20,1,16.62,2.57,0
2025-06-16T09:10:00,0,9,19,1,16.62,2.57,0
2025-06-16T09:12:00,0,8,19,1,16.62,2.57,0
2025-06-16T09:13:00,0,7,18,1,16.62,2.57,0
2025-06-16T09:14:00,0,10,19,1,16.62,2.57,0
2025-06-16T09:16:00,0,9,19,1,16.62,2.57,0
2025-06-16T09:17:00,0,9,19,1,16.62,2.57,0
2025-06-16T09:18:00,0,8,20,1,16.62,2.57,0
2025-06-16T09:20:00,0,6,20,1,16.94,2.57,0
2025-06-16T09:21:00,0,9,20,1,16.94,2.57,0
2025-06-16T09:23:00,0,6,20,1,16.94,2.57,0
2025-06-16T09:24:00,0,9,21,1,16.94,2.57,0
2025-06-16T09:25:00,0,10,21,1,16.94,2.57,0
2025-06-16T09:27:00,0,5,18,1,16.94,2.57,0
2025-06-16T09:28:00,0,5,19,1,16.94,2.57,0
2025-06-16T11:31:00,0,6,19,1,20.53,1.54,0
2025-06-16T11:32:00,0,6,21,1,20.53,1.54,0
2025-06-16T11:34:00,0,5,19,1,20.53,1.54,0
2025-06-16T11:35:00,0,4,18,1,20.53,1.54,0
2025-06-16T11:37:00,0,4,17,1,20.97,1.54,0
2025-06-16T11:38:00,0,4,19,1,20.97,1.54,0
2025-06-16T11:39:00,0,5,19,1,20.93,1.54,0
2025-06-16T11:41:00,0,5,17,1,20.93,1.54,0
2025-06-16T11:42:00,0,7,20,1,20.93,1.54,0
2025-06-16T11:43:00,0,7,20,1,20.93,1.54,0
2025-06-16T11:45:00,0,7,18,1,20.93,1.54,0
